Fuel type,N2/N3,Weghit,Standart,% CAR,70-Motorway - City- Freeflow,80-Motorway - City- Freeflow,90-Motorway - City- Freeflow,70-Motorway - City-Heavy,80-Motorway - City-Heavy,90-Motorway - City-Heavy,70-Motorway - City- Stop & Go,80-Motorway - City- Stop & Go,90-Motorway - City- Stop & Go,50-Distributor / Secondary- Freeflow,60-Distributor / Secondary- Freeflow,70-Distributor / Secondary- Freeflow,50-Distributor / Secondary- Heavy,60-Distributor / Secondary- Heavy,70-Distributor / Secondary- Heavy,50-Distributor / Secondary- Stop & Go,60-Distributor / Secondary- Stop & Go,70-Distributor / Secondary- Stop & Go,30-Access Residential-Freeflow,40-Access Residential-Freeflow,50-Access Residential-Freeflow,30-Access Residential-Heavy,40-Access Residential-Heavy,50-Access Residential-Heavy,30-Access Residential- Stop & Go,40-Access Residential- Stop & Go,50-Access Residential- Stop & Go,90- National- Freeflow,100- National- Freeflow,110- National- Freeflow,90- National- Heavy,100- National- Heavy,110- National- Heavy,90- National- Stop & Go,100- National- Stop & Go,110- National- Stop & Go,,,,,,,,,,,,,,,,,,,,,,,,,,,
Diesel,N2 ,7501 - 12000 kg,Euro 0,0.01,13.73,16.47,17.81,15.56,16.13,14.94,210,159,159,38.21,29.3,42.43,70.8,20.96,39.05,210,210,185.59,102.9,94.33,68.81,108.66,92.78,82.22,210,210,210,5.44,5.68,5.68,10.12,11.23,11.23,159,159,159,15.32,9.01,10.58,29.35,12.47,12.67,185.59,185.59,185.59,80.92,19.4,32.65,91,70.91,48.55,210,210,210,59.48,69.52,74.48,58.64,63.05,64.41,277.06,214.39,214.39
Diesel,N2 ,7501 - 12000 kg,Euro 1,0.01,11.87,14.14,15.23,13.32,13.68,12.92,168.37,129.88,129.88,31.14,23.8,35.84,58.67,17.61,32.09,168.37,168.37,149.65,83.18,78.67,57.12,87.7,79.08,68.56,168.37,168.37,168.37,4.36,4.46,4.46,8.47,9.43,9.43,129.88,129.88,129.88,13.19,7.86,9.13,23.32,10.12,10.29,149.65,149.65,149.65,69.57,17.06,26.46,76.02,58.95,38.27,168.37,168.37,168.37,48.88,58.13,62.4,48.54,52.92,53.29,221.36,176.54,176.54
Diesel,N2 ,7501 - 12000 kg,Euro 2,0.02,11.4,13.8,14.66,12.87,13.23,12.74,152.34,119.39,119.39,29.41,22.74,34.69,54.24,17.11,30.1,152.34,152.34,134.61,76.17,74.02,52.89,80.07,74.57,64.26,152.34,152.34,152.34,4.42,4.58,4.58,8.44,9.21,9.21,119.39,119.39,119.39,12.88,7.9,8.78,22.04,9.79,10.12,134.61,134.61,134.61,66.67,16.82,25.01,70.88,54.56,35.3,152.34,152.34,152.34,46.74,55.52,59.27,46.2,50.46,51.19,202.19,163.92,163.92
Diesel,N2 ,7501 - 12000 kg,Euro 3,0.04,15.45,17.69,18.16,17.73,17.04,16.3,171.31,133.07,133.07,36.77,28.77,40.18,61.87,24.67,36.54,171.31,171.31,151.04,88.5,82.87,60.44,92.57,84.88,73.19,171.31,171.31,171.31,7.61,7.46,7.46,12.49,13.11,13.11,133.07,133.07,133.07,16.58,11.86,12.15,27.44,14.26,14.61,151.04,151.04,151.04,74.59,24.66,30.98,80.86,61.9,42.97,171.31,171.31,171.31,49.54,58.26,61.78,50.43,53.62,53.72,221.69,177.86,177.86
Diesel,N2 ,7501 - 12000 kg,Euro 4,0.03,7.04,8.94,10.02,7.91,8.78,8.93,126.5,98.03,98.03,23.09,17.48,31.16,45.39,9.59,24.91,126.5,126.5,109.03,64.15,67.3,44.64,66.23,64.03,55.19,126.5,126.5,126.5,1.2,1.56,1.56,3.91,4.52,4.52,98.03,98.03,98.03,8.49,3.17,3.97,18.33,6.11,6.41,109.03,109.03,109.03,60.57,9.17,19.8,59.78,44.59,29.32,126.5,126.5,126.5,42.54,52.09,55.64,41.56,46.53,47.43,180.98,148.06,148.06
Diesel,N2 ,7501 - 12000 kg,Euro 5,0.04,7.05,8.93,9.92,7.97,8.77,8.85,125.88,99.46,99.46,23.28,17.52,31.26,45.97,9.61,25.26,125.88,125.88,110.1,64.68,66.8,45.2,66.8,64.06,56.34,125.88,125.88,125.88,1.21,1.56,1.56,3.92,4.53,4.53,99.46,99.46,99.46,8.45,3.17,3.95,18.37,6.14,6.44,110.1,110.1,110.1,60.72,9.43,19.87,60.67,44.64,29.54,125.88,125.88,125.88,42.54,52.18,55.67,41.76,46.49,47.45,179.84,149.36,149.36
Diesel,N2 ,7501 - 12000 kg,Euro 6,0.11,6.98,8.74,9.78,7.95,8.67,8.7,128.95,102,102,23.76,17.74,31.58,47.14,9.81,25.66,128.95,128.95,111.63,65.92,67.76,46.4,68,65.09,57.49,128.95,128.95,128.95,1.19,1.56,1.56,3.85,4.45,4.45,102,102,102,8.37,3.12,3.9,18.65,6.16,6.41,111.63,111.63,111.63,7.2,17.97,17.13,61.51,7.47,29.55,128.95,128.95,128.95,41.92,51.78,55.42,41.61,46.07,46.81,182.69,151.86,151.86
Diesel,N3,12001 - 14000 kg,Euro 0,0,12.6,14.08,15.33,13.66,14.1,13.2,237.13,177.2,177.2,36.82,28.98,45.29,70.45,21.52,40.22,237.13,237.13,211.26,108.99,102.87,68.19,116.06,105.58,87.17,237.13,237.13,237.13,5.12,4.88,4.88,8.38,9.68,9.68,177.2,177.2,177.2,13.6,7.43,8.99,29.83,11.23,11.31,211.26,211.26,211.26,91.02,19.09,32.5,97.36,74.93,48.76,237.13,237.13,237.13,53.25,62.52,67.23,53.54,57.28,57.7,310.65,238.54,238.54
Diesel,N3,12001 - 14000 kg,Euro 1,0,11.12,12.44,13.45,12.1,12.21,11.66,190.54,144.96,144.96,30.26,23.83,38.33,58.85,18.08,33.53,190.54,190.54,170.24,88.71,86.64,57.09,94.23,90.38,73.52,190.54,190.54,190.54,4.26,3.98,3.98,7.23,8.3,8.3,144.96,144.96,144.96,11.93,6.57,7.87,23.94,9.3,9.39,170.24,170.24,170.24,78.3,16.65,26.64,82.05,62.72,38.55,190.54,190.54,190.54,45.05,53,56.91,45.26,49.12,48.84,248.42,197.06,197.06
Diesel,N3,12001 - 14000 kg,Euro 2,0,10.96,12.13,13.11,11.84,11.93,11.52,170.79,131.81,131.81,28.85,22.66,36.64,54.99,17.26,31.84,170.79,170.79,154.17,81.93,81.33,53.46,86.72,84.15,69.37,170.79,170.79,170.79,4.52,4.19,4.19,7.16,8.2,8.2,131.81,131.81,131.81,11.74,6.53,7.75,22.63,9.12,9.25,154.17,154.17,154.17,74.6,16.11,25.23,76.9,58.54,35.59,170.79,170.79,170.79,43.23,50.59,53.86,43.5,47.29,46.95,226.57,182.71,182.71
Diesel,N3,12001 - 14000 kg,Euro 3,0,15.93,16.5,17.45,17.53,16.53,15.63,192.88,146.69,146.69,37.48,29.5,42.51,64.83,25.89,39.27,192.88,192.88,173.02,96.69,91.87,63.21,101.98,97.16,80.26,192.88,192.88,192.88,8.39,7.45,7.45,11.7,12.87,12.87,146.69,146.69,146.69,16.28,10.95,12.15,28.66,14.31,14.18,173.02,173.02,173.02,84.24,24.39,32.17,88.98,67.68,44.09,192.88,192.88,192.88,46.52,53.83,57.15,47.82,50.68,49.83,249.1,197.49,197.49
Diesel,N3,12001 - 14000 kg,Euro 4,0,5.85,7.05,7.7,6.08,7.03,7.46,137.92,108.42,108.42,21.69,16.9,32.97,42.43,8.16,25.25,137.92,137.92,124.19,67.53,72.15,41.59,69.97,71.59,57.71,137.92,137.92,137.92,0.63,0.77,0.77,2.83,3.23,3.23,108.42,108.42,108.42,7.08,2.01,2.4,17.52,4.88,5.05,124.19,124.19,124.19,67.12,8.28,19.56,63.72,46.34,28.03,137.92,137.92,137.92,37.58,45.75,49.18,37.56,41.71,41.74,197.71,162.44,162.44
Diesel,N3,12001 - 14000 kg,Euro 6,0.01,5.78,6.86,7.53,6.04,6.71,7.34,146.56,115.38,115.38,22.07,17.07,33.84,43.05,8.5,26.61,146.56,146.56,130.43,70.49,72.24,42.21,72.93,74.25,58.49,146.56,146.56,146.56,0.62,0.76,0.76,2.71,3.09,3.09,115.38,115.38,115.38,6.94,1.9,2.36,18.02,4.85,5.08,130.43,130.43,130.43,5.95,16.97,17.24,67.38,6.23,31.93,146.56,146.56,146.56,36.91,45.09,48.46,36.9,41.18,40.93,206.35,169.69,169.69
Diesel,N3,14001 - 20000 kg,Euro 0,0.01,16.69,16.83,18.37,17.64,17.11,16.56,330.55,244.71,244.71,50.35,38.92,60.15,95.89,31.02,54.22,330.55,330.55,292.76,152,140.13,92.62,162.25,145.08,116.81,330.55,330.55,330.55,6.81,6.11,6.11,10.12,11.82,11.82,244.71,244.71,244.71,16.88,8.74,10.9,39.85,15.45,14.7,292.76,292.76,292.76,123,26.9,43.59,130.39,103.01,67.16,330.55,330.55,330.55,64.35,71.56,76.16,67.34,69.44,67.8,427.92,326.14,326.14
Diesel,N3,14001 - 20000 kg,Euro 1,0.02,14.33,14.41,15.68,15.29,14.61,14.09,254.43,190.87,190.87,39.71,30.77,48.02,76.31,25.1,43.37,254.43,254.43,225.75,118.37,111.97,73.84,126.13,117.93,94.12,254.43,254.43,254.43,5.62,4.93,4.93,8.53,9.91,9.91,190.87,190.87,190.87,14.41,7.58,9.35,30.4,12.4,11.72,225.75,225.75,225.75,100.5,22.68,34.33,105.17,82.32,51.14,254.43,254.43,254.43,52.43,58.72,62.5,54.53,56.88,55.35,328.16,256.49,256.49
Diesel,N3,14001 - 20000 kg,Euro 2,0.02,14.42,13.93,15.37,15.19,14.48,14.13,226.56,172.73,172.73,37.95,29.22,45.57,71.22,23.91,41.2,226.56,226.56,204.88,109.75,104.64,69.06,116.57,107.75,88.92,226.56,226.56,226.56,6.36,5.43,5.43,8.37,9.77,9.77,172.73,172.73,172.73,14.42,7.37,9.33,28.59,12.31,11.64,204.88,204.88,204.88,95.01,22.35,32.46,98.45,77.52,47.23,226.56,226.56,226.56,50.77,56.33,59.48,52.59,55.09,53.6,297.64,236.5,236.5
Diesel,N3,14001 - 20000 kg,Euro 3,0.04,21.8,19.79,21.51,23.22,21.04,20.1,257.96,192.89,192.89,50.22,38.85,53.4,84.47,36.08,51.94,257.96,257.96,231.95,130.86,119.29,82.19,137.91,124.44,103.62,257.96,257.96,257.96,12.18,10.11,10.11,14.47,16.2,16.2,192.89,192.89,192.89,21,13.3,15.63,36.97,19.96,18.45,231.95,231.95,231.95,107.88,34.56,42.05,114.68,90.47,59.35,257.96,257.96,257.96,55.9,60.65,64.28,58.65,59.89,57.57,329.21,256.59,256.59
Diesel,N3,14001 - 20000 kg,Euro 4,0.04,6.7,7.55,7.96,6.94,7.6,8.48,179.4,137.74,137.74,27.49,20.97,40.06,53.87,10.88,31.82,179.4,179.4,160.63,89.79,91.09,52.68,93.05,90.63,71.58,179.4,179.4,179.4,0.56,0.69,0.69,2.91,3.25,3.25,137.74,137.74,137.74,7.76,1.79,2.19,21.52,6.05,6.06,160.63,160.63,160.63,84.01,10.66,24.15,79.48,60.32,36.99,179.4,179.4,179.4,42.41,49.03,52.79,43.73,47.02,46.27,253.85,206.57,206.57
Diesel,N3,14001 - 20000 kg,Euro 5,0.05,6.75,7.52,7.96,7.1,7.57,8.55,194.34,148.64,148.64,28.67,21.76,41.26,55.27,11.75,33.75,194.34,194.34,173.78,94.5,91.21,54.01,97.94,98.27,74,194.34,194.34,194.34,0.53,0.66,0.66,2.93,3.27,3.27,148.64,148.64,148.64,7.8,1.79,2.18,22.44,6.2,6.14,173.78,173.78,173.78,84.99,11.54,25.37,81.59,62.46,37.64,194.34,194.34,194.34,42.68,48.91,52.35,44.17,47.24,46.28,271.66,217.45,217.45
Diesel,N3,14001 - 20000 kg,Euro 6,0.1,6.62,7.39,7.86,6.91,7.38,8.41,189.44,145.92,145.92,28.19,21.34,41.02,54.26,11.31,33.3,189.44,189.44,170.42,92.63,90.2,53.08,95.84,97.16,72.96,189.44,189.44,189.44,0.51,0.65,0.65,2.87,3.2,3.2,145.92,145.92,145.92,7.65,1.75,2.15,22.15,6.07,6,170.42,170.42,170.42,84.6,11.16,24.92,80.03,61.51,36.84,189.44,189.44,189.44,41.97,48.36,51.99,43.42,46.59,45.47,266.17,214.76,214.76
Diesel,N3,20001 - 26000 kg,Euro 0,0,16.57,14.3,15.38,16.99,16.64,18.76,374.79,280.09,280.09,54.42,41.98,68.42,103.52,34.54,60.23,374.79,374.79,333.04,166.01,160.16,99.67,177.35,170.82,134.53,374.79,374.79,374.79,8.06,7.74,7.74,8.67,8.95,8.95,280.09,280.09,280.09,17.43,6.52,7.75,42.11,16.62,15.2,333.04,333.04,333.04,141.35,28.88,48.49,151.13,115.21,74.62,374.79,374.79,374.79,65.95,67.01,69.68,70.41,70.95,68.35,494.75,379.07,379.07
Diesel,N3,20001 - 26000 kg,Euro 1,0.01,15.26,13.16,14.21,15.81,15.47,17.24,306.23,233.29,233.29,45.84,35.54,59.04,87.69,29.56,51.18,306.23,306.23,273.83,137.66,136.59,84.75,146.3,147.5,114.76,306.23,306.23,306.23,7.41,6.77,6.77,8.02,8.26,8.26,233.29,233.29,233.29,16.23,6.28,7.3,34.53,14.61,13.32,273.83,273.83,273.83,123.18,25.89,40.94,128.68,98.28,60.97,306.23,306.23,306.23,57.57,58.46,61.16,60.78,62.07,59.98,402.63,316.77,316.77
Diesel,N3,20001 - 26000 kg,Euro 2,0.01,15.46,13.35,14.35,16.01,15.51,17.11,275.64,214.02,214.02,44.21,34.33,56.9,83.23,27.7,49.1,275.64,275.64,247.97,127.25,128.98,80.62,134.68,138.82,109.01,275.64,275.64,275.64,7.7,7.18,7.18,8.31,8.58,8.58,214.02,214.02,214.02,16.25,6.63,7.66,33.17,14.55,13.19,247.97,247.97,247.97,117.8,25.3,39.13,121.46,91.83,56.45,275.64,275.64,275.64,56.11,57.2,59.82,59.1,60.57,58.42,367.57,296.48,296.48
Diesel,N3,20001 - 26000 kg,Euro 3,0.02,23.84,19.61,20.9,25.08,23.36,25.18,308.91,235.96,235.96,58.18,45.45,66.34,97.03,41.71,60.94,308.91,308.91,276.96,150.3,145.55,94.43,158.31,159.02,125.32,308.91,308.91,308.91,15.49,13.99,13.99,15.34,15.47,15.47,235.96,235.96,235.96,24.39,13.28,14.51,42.28,23.83,21.46,276.96,276.96,276.96,131.95,38.44,50.31,139.89,105.45,70.48,308.91,308.91,308.91,62.33,60.85,63.93,65.95,66.06,63.87,400.53,316.75,316.75
Diesel,N3,20001 - 26000 kg,Euro 4,0.02,6.78,7.36,7.79,6.5,7,8.91,226.32,176.75,176.75,31.5,23.55,50.06,64.69,13.21,37.72,226.32,226.32,199.54,104.86,113.31,63.11,109.29,118.57,90.3,226.32,226.32,226.32,0.21,0.25,0.25,2.53,2.8,2.8,176.75,176.75,176.75,7.78,1.25,1.39,25.38,6.43,6.46,199.54,199.54,199.54,103.19,12.91,28.36,100.59,73.25,42.52,226.32,226.32,226.32,45.76,48.45,50.59,48.06,50.44,48.93,323.62,263.73,263.73
Diesel,N3,20001 - 26000 kg,Euro 5,0.03,6.79,7.29,7.74,6.56,6.92,8.87,262.12,207.62,207.62,32.12,24.95,49.89,67.65,13.58,40.92,262.12,262.12,224.14,112.42,112.38,66.24,116.94,126.25,98.15,262.12,262.12,262.12,0.21,0.25,0.25,2.55,2.8,2.8,207.62,207.62,207.62,7.82,1.25,1.39,28.79,6.46,6.47,224.14,224.14,224.14,106.22,12.98,31.11,108.93,79.02,44.26,262.12,262.12,262.12,45.93,48.6,50.68,48.29,50.44,49.08,358.92,295.68,295.68
Diesel,N3,20001 - 26000 kg,Euro 6,0.08,6.73,7.16,7.65,6.5,6.83,8.78,260.41,204.56,204.56,32.1,24.97,50.09,67.53,13.61,40.91,260.41,260.41,222.66,112.03,112.63,66.15,116.41,125.71,98.28,260.41,260.41,260.41,0.2,0.23,0.23,2.51,2.75,2.75,204.56,204.56,204.56,7.73,1.2,1.35,28.45,6.46,6.47,222.66,222.66,222.66,106.72,13,30.94,108.99,79.21,44.52,260.41,260.41,260.41,45.73,47.93,50.13,48.05,50.14,48.54,357.76,293.34,293.34
Diesel,N3,26001 - 28000 kg,Euro 0,0,18.26,15.43,17.33,18.83,16.82,18.31,361.89,273.87,273.87,58.18,44.48,69.76,111.03,33.13,62.05,361.89,361.89,321.64,166.02,166.83,107.54,177.04,172.05,135.84,361.89,361.89,361.89,7.93,6.63,6.63,9.03,10.79,10.79,273.87,273.87,273.87,18.04,6.94,9.58,44.39,16.7,15.23,321.64,321.64,321.64,148.24,29.59,50.16,151.76,118.36,75.83,361.89,361.89,361.89,71.44,69.72,72.53,77.07,75.79,71.45,488.67,378.88,378.88
Diesel,N3,26001 - 28000 kg,Euro 1,0.01,16.21,14.17,15.9,16.94,15.3,16.66,294.22,228,228,48.97,37.42,60.08,94.54,27.69,52.4,294.22,294.22,263.45,138.16,142.36,91.87,146.56,148.42,115.34,294.22,294.22,294.22,6.99,5.42,5.42,8.25,9.81,9.81,228,228,228,16.59,6.61,8.83,36.2,14.37,13.3,263.45,263.45,263.45,129.57,26.02,42.08,128.99,100.29,61.82,294.22,294.22,294.22,62.2,61.51,64.38,66.44,66.46,62.62,397.64,317.53,317.53
Diesel,N3,26001 - 28000 kg,Euro 2,0,15.96,14.15,15.71,17.17,15.54,16.9,267.14,209.74,209.74,47.02,36.03,58.18,88.78,27,49.98,267.14,267.14,240.81,128.03,134.42,86.45,135.39,140.41,109.43,267.14,267.14,267.14,7.59,6.18,6.18,8.44,9.78,9.78,209.74,209.74,209.74,16.76,6.86,8.91,34.61,14.6,13.2,240.81,240.81,240.81,123.94,25.88,40.28,121.63,93.68,58.13,267.14,267.14,267.14,60.23,59.95,62.66,64.07,64.18,61.06,365.59,299.19,299.19
Diesel,N3,26001 - 28000 kg,Euro 3,0.01,22.94,20.49,22.73,25.48,22.49,24.05,298.77,230.45,230.45,60.17,46.42,67.2,102.69,39.48,60.31,298.77,298.77,265.44,150.25,150.34,100.28,158.18,159.27,124.54,298.77,298.77,298.77,14.95,12,12,15.22,17.11,17.11,230.45,230.45,230.45,24.39,13.55,16.28,42.86,23.13,20.79,265.44,265.44,265.44,137.87,38.44,50.85,139.38,106.08,71.65,298.77,298.77,298.77,65.93,64.06,67.46,70.91,69.42,66.13,399.17,319.27,319.27
Diesel,N3,26001 - 28000 kg,Euro 4,0,7.61,7.71,8.17,7.55,7.67,9.67,218.67,172.42,172.42,34.93,25.64,51.68,69.82,13.21,38.81,218.67,218.67,194.71,106.4,119.36,68.43,110.84,119.98,91.34,218.67,218.67,218.67,0.2,0.26,0.26,2.77,3.03,3.03,172.42,172.42,172.42,8.57,1.26,1.41,27.49,7.11,6.94,194.71,194.71,194.71,110.95,12.91,29.68,100.83,74.89,45.14,218.67,218.67,218.67,50.95,51.29,52.8,53.18,54.95,52.48,320.98,266.65,266.65
Diesel,N3,26001 - 28000 kg,Euro 5,0,7.63,7.79,8.14,7.47,7.58,9.65,233.79,193.27,193.27,35.11,26.24,52.39,70,14.28,41.31,233.79,233.79,204.82,111.76,119.15,68.58,116.28,117.98,96.87,233.79,233.79,233.79,0.2,0.25,0.25,2.8,3.05,3.05,193.27,193.27,193.27,8.57,1.27,1.41,27.86,7.16,6.99,204.82,204.82,204.82,110.32,13.38,30.99,106.16,77.56,44.37,233.79,233.79,233.79,51.13,51.5,52.9,53.52,55.02,52.52,337.32,287.56,287.56
Diesel,N3,26001 - 28000 kg,Euro 6,0,7.69,7.65,8.02,7.5,7.54,9.59,235.47,194,194,35.56,26.46,52.85,70.79,14.33,41.42,235.47,235.47,205.8,112.46,120.36,69.42,116.84,118.78,97.51,235.47,235.47,235.47,0.16,0.24,0.24,2.81,3.06,3.06,194,194,194,8.55,1.22,1.4,28.17,7.23,7.03,205.8,205.8,205.8,111.28,13.44,31.21,106.67,78.15,44.81,235.47,235.47,235.47,51.52,50.98,52.61,53.89,54.97,52.24,339.84,288.47,288.47
Diesel,N3,28001 - 32000 kg,Euro 0,0,18.91,18.73,19.72,20.32,18.18,19.3,342.15,271.21,271.21,63,47.17,76.5,113.55,31.73,65.69,342.15,342.15,311.76,169.19,173.35,110.2,179.61,169.29,143.18,342.15,342.15,342.15,7.08,6.92,6.92,11.32,12.56,12.56,271.21,271.21,271.21,18.92,9.39,10.81,47.29,17.38,17.01,311.76,311.76,311.76,160.59,29.17,53.07,156.12,119.34,77.81,342.15,342.15,342.15,75.95,79.49,82.2,84.07,82.97,78.57,481.8,387.2,387.2
Diesel,N3,28001 - 32000 kg,Euro 1,0.01,17.67,17.49,18.15,18.96,17.05,18,291.95,234.04,234.04,54.47,40.9,67.29,99.33,27.66,57.27,291.95,291.95,267.49,145.77,152.48,96.52,154.44,150.66,125.5,291.95,291.95,291.95,5.82,5.51,5.51,10.49,11.35,11.35,234.04,234.04,234.04,17.85,8.86,9.71,39.72,15.49,15.06,267.49,267.49,267.49,142.97,26.41,45.89,137.72,104.67,66.15,291.95,291.95,291.95,68.38,72.23,74.92,75.17,75.1,70.91,409.47,337.76,337.76
Diesel,N3,28001 - 32000 kg,Euro 2,0.01,17.84,17.35,18.27,19.18,17.31,18.2,262.59,215.3,215.3,52.43,39.41,65.04,94.23,27.02,54.84,262.59,262.59,242.29,134.52,145.53,91.74,142.1,143.12,119.8,262.59,262.59,262.59,6.66,6.08,6.08,10.45,11.58,11.58,215.3,215.3,215.3,18.04,8.86,10.15,38.22,15.68,14.92,242.29,242.29,242.29,138.41,26.15,44.01,130.42,98.04,61.37,262.59,262.59,262.59,66.88,70.58,73.18,73.14,73.54,69.67,374.64,318.53,318.53
Diesel,N3,28001 - 32000 kg,Euro 3,0.02,26.51,24.95,25.81,28.39,24.99,25.52,291.8,234.9,234.9,65.44,49.86,74.19,108.78,39.49,65.59,291.8,291.8,267.17,156.69,160.05,106.1,164.8,161.78,134.47,291.8,291.8,291.8,12.99,11.58,11.58,18.39,19.57,19.57,234.9,234.9,234.9,26.01,16.66,17.82,47.5,24.78,23.17,267.17,267.17,267.17,153.09,38.27,54.73,147.72,110.55,74.74,291.8,291.8,291.8,73.19,75.89,78.8,80.37,79.22,74.46,403.38,338.21,338.21
Diesel,N3,28001 - 32000 kg,Euro 4,0.02,8.67,9.22,9.57,8.69,8.96,11.13,202.88,173.72,173.72,39.83,28.77,58.33,71.44,12.06,43.31,202.88,202.88,188.8,111.76,129.4,70.08,115.97,122.54,101.09,202.88,202.88,202.88,0.26,0.35,0.35,3.21,3.47,3.47,173.72,173.72,173.72,9.75,1.55,1.7,30.39,7.96,8.01,188.8,188.8,188.8,124.02,12.32,33.01,107.58,77.2,47.29,202.88,202.88,202.88,56.6,60.21,62.65,61.63,63.36,60.27,320.75,280.92,280.92
Diesel,N3,28001 - 32000 kg,Euro 5,0.03,8.69,9.32,9.59,8.8,9.03,11.36,204.78,177.78,177.78,39.88,28.87,58.56,71.93,11.9,43.9,204.78,204.78,191.08,111.58,129.57,70.45,115.88,130.36,101.87,204.78,204.78,204.78,0.27,0.36,0.36,3.24,3.51,3.51,177.78,177.78,177.78,9.8,1.56,1.71,30.52,8.01,8.07,191.08,191.08,191.08,121.64,12.85,33.57,108.5,77.55,46.94,204.78,204.78,204.78,56.88,60.59,62.76,61.96,63.75,60.68,323.01,286.3,286.3
Diesel,N3,28001 - 32000 kg,Euro 6,0.09,8.7,9.27,9.57,8.83,9.09,11.33,206.48,179.41,179.41,40.41,29.29,59.14,72.55,12.2,44.43,206.48,206.48,193.21,113.44,130.92,71.11,117.61,131.44,102.82,206.48,206.48,206.48,0.27,0.37,0.37,3.24,3.5,3.5,179.41,179.41,179.41,9.81,1.55,1.71,30.95,8.06,8.12,193.21,193.21,193.21,122.37,13.5,34.01,109.32,78.47,47.77,206.48,206.48,206.48,56.86,60.21,62.64,62.33,63.86,60.43,325.58,288.49,288.49
Diesel,N3,32001 - 40000 kg,Euro 0,0,17.49,14.97,15.9,17.76,17.29,20.59,392.5,302.09,302.09,59.17,45.74,78.95,112.1,36.07,65.82,392.5,392.5,351.42,176.57,180.93,108.25,187.93,194.41,147.47,392.5,392.5,392.5,8.51,8.19,8.19,9.2,9.26,9.26,302.09,302.09,302.09,18.72,6.79,7.76,45.27,18.04,16.31,351.42,351.42,351.42,163.55,31.42,53.13,163.4,124.04,79.99,392.5,392.5,392.5,70.13,70.59,73.17,76.39,76.7,74.6,535.59,422.39,422.39
Diesel,N3,32001 - 40000 kg,Euro 1,0,16.5,14.22,15.04,16.89,16.45,19.28,334.33,260.3,260.3,51.65,39.89,69.48,98.32,31.72,57.69,334.33,334.33,300.24,152,158.61,95.14,161.37,171.49,129.93,334.33,334.33,334.33,7.89,7.2,7.2,8.71,8.73,8.73,260.3,260.3,260.3,17.74,6.63,7.44,38.24,16.24,14.76,300.24,300.24,300.24,145.13,28.8,46.03,144.04,110.15,67.79,334.33,334.33,334.33,63.42,64,66.5,68.44,69.56,67.54,452.61,365.35,365.35
Diesel,N3,32001 - 40000 kg,Euro 2,0,16.79,14.48,15.37,17.18,16.54,19.23,302.25,239.87,239.87,50.08,38.6,67.06,93.56,30.3,55.62,302.25,302.25,273.35,141.05,150.73,90.75,149.29,160.46,124.55,302.25,302.25,302.25,8.21,7.66,7.66,9.05,9.13,9.13,239.87,239.87,239.87,17.79,7.02,7.87,37.02,16.16,14.71,273.35,273.35,273.35,140.41,27.85,44.06,137.3,103.47,62.62,302.25,302.25,302.25,62.18,63.09,65.39,66.92,68.18,66.13,416.47,343.82,343.82
Diesel,N3,32001 - 40000 kg,Euro 3,0.01,25.97,21.5,22.49,27.16,25.37,28.17,336.38,262.66,262.66,65.05,50.52,77.37,108.67,45.68,68.32,336.38,336.38,302.83,165.35,167.81,105.89,174.19,181.9,142.02,336.38,336.38,336.38,16.64,15.05,15.05,16.87,16.68,16.68,262.66,262.66,262.66,26.72,14.44,15.41,46.66,26.42,23.84,302.83,302.83,302.83,155.29,42.38,55.97,157.11,118.07,77.34,336.38,336.38,336.38,68.92,67.24,69.95,74.31,74.35,72.36,448.87,364.33,364.33
Diesel,N3,32001 - 40000 kg,Euro 4,0.01,7.51,7.91,8.15,6.79,7.15,10.06,245.29,196.97,196.97,35.84,26.4,58.33,73.17,13.95,43.38,245.29,245.29,218.99,116.26,132.84,71.46,121.11,136.73,104.16,245.29,245.29,245.29,0.1,0.14,0.14,2.63,2.83,2.83,196.97,196.97,196.97,8.44,1.1,1.21,28.92,6.83,7.13,218.99,218.99,218.99,123.64,14.01,31.81,114.43,81.65,46.49,245.29,245.29,245.29,50.99,53.86,55.82,54.79,56.83,55.39,364.77,306.21,306.21
Diesel,N3,32001 - 40000 kg,Euro 5,0,7.54,7.91,8.21,6.86,7.19,10.06,279.91,221.86,221.86,36.33,27.83,58.31,76.29,14.57,46.39,279.91,279.91,245.83,122.55,130.5,74.74,127.49,145.06,112.24,279.91,279.91,279.91,0.1,0.13,0.13,2.66,2.85,2.85,221.86,221.86,221.86,8.41,1.07,1.19,31.15,6.81,7.07,245.83,245.83,245.83,127.03,14.86,34.61,123.45,88.49,47.92,279.91,279.91,279.91,51.17,53.84,55.83,55.01,56.92,55.5,401.31,331.6,331.6
Diesel,N3,32001 - 40000 kg,Euro 6,0.01,7.47,7.78,8.12,6.8,7.11,9.98,278.38,219.34,219.34,36.24,27.9,58.65,76.05,14.55,46.56,278.38,278.38,243.31,122.16,131.14,74.55,126.96,145.18,112.04,278.38,278.38,278.38,0.09,0.13,0.13,2.62,2.82,2.82,219.34,219.34,219.34,8.3,1.04,1.15,30.83,6.82,7.1,243.31,243.31,243.31,127.93,14.89,34.41,123.08,88.56,48.18,278.38,278.38,278.38,50.99,53.24,55.15,54.79,56.58,54.98,398.76,329.56,329.56
Diesel,N3,>40000 kg,Euro 0,0,17.49,14.97,15.9,17.76,17.29,20.59,392.5,302.09,302.09,59.17,45.74,78.95,112.1,36.07,65.82,392.5,392.5,351.42,176.57,180.93,108.25,187.93,194.41,147.47,392.5,392.5,392.5,8.51,8.19,8.19,9.2,9.26,9.26,302.09,302.09,302.09,18.72,6.79,7.76,45.27,18.04,16.31,351.42,351.42,351.42,163.55,31.42,53.13,163.4,124.04,79.99,392.5,392.5,392.5,70.13,70.59,73.17,76.39,76.7,74.6,535.59,422.39,422.39
Diesel,N3,>40000 kg,Euro 1,0,16.5,14.22,15.04,16.89,16.45,19.28,334.33,260.3,260.3,51.65,39.89,69.48,98.32,31.72,57.69,334.33,334.33,300.24,152,158.61,95.14,161.37,171.49,129.93,334.33,334.33,334.33,7.89,7.2,7.2,8.71,8.73,8.73,260.3,260.3,260.3,17.74,6.63,7.44,38.24,16.24,14.76,300.24,300.24,300.24,145.13,28.8,46.03,144.04,110.15,67.79,334.33,334.33,334.33,63.42,64,66.5,68.44,69.56,67.54,452.61,365.35,365.35
Diesel,N3,>40000 kg,Euro 2,0,16.79,14.48,15.37,17.18,16.54,19.23,302.25,239.87,239.87,50.08,38.6,67.06,93.56,30.3,55.62,302.25,302.25,273.35,141.05,150.73,90.75,149.29,160.46,124.55,302.25,302.25,302.25,8.21,7.66,7.66,9.05,9.13,9.13,239.87,239.87,239.87,17.79,7.02,7.87,37.02,16.16,14.71,273.35,273.35,273.35,140.41,27.85,44.06,137.3,103.47,62.62,302.25,302.25,302.25,62.18,63.09,65.39,66.92,68.18,66.13,416.47,343.82,343.82
Diesel,N3,>40000 kg,Euro 3,0.01,25.97,21.5,22.49,27.16,25.37,28.17,336.38,262.66,262.66,65.05,50.52,77.37,108.67,45.68,68.32,336.38,336.38,302.83,165.35,167.81,105.89,174.19,181.9,142.02,336.38,336.38,336.38,16.64,15.05,15.05,16.87,16.68,16.68,262.66,262.66,262.66,26.72,14.44,15.41,46.66,26.42,23.84,302.83,302.83,302.83,155.29,42.38,55.97,157.11,118.07,77.34,336.38,336.38,336.38,68.92,67.24,69.95,74.31,74.35,72.36,448.87,364.33,364.33
Diesel,N3,>40000 kg,Euro 4,0,7.51,7.91,8.15,6.79,7.15,10.06,245.29,196.97,196.97,35.84,26.4,58.33,73.17,13.95,43.38,245.29,245.29,218.99,116.26,132.84,71.46,121.11,136.73,104.16,245.29,245.29,245.29,0.1,0.14,0.14,2.63,2.83,2.83,196.97,196.97,196.97,8.44,1.1,1.21,28.92,6.83,7.13,218.99,218.99,218.99,123.64,14.01,31.81,114.43,81.65,46.49,245.29,245.29,245.29,50.99,53.86,55.82,54.79,56.83,55.39,364.77,306.21,306.21
Diesel,N3,>40000 kg,Euro 5,0.01,7.54,7.91,8.21,6.86,7.19,10.06,279.91,221.86,221.86,36.33,27.83,58.31,76.29,14.57,46.39,279.91,279.91,245.83,122.55,130.5,74.74,127.49,145.06,112.24,279.91,279.91,279.91,0.1,0.13,0.13,2.66,2.85,2.85,221.86,221.86,221.86,8.41,1.07,1.19,31.15,6.81,7.07,245.83,245.83,245.83,127.03,14.86,34.61,123.45,88.49,47.92,279.91,279.91,279.91,51.17,53.84,55.83,55.01,56.92,55.5,401.31,331.6,331.6
Diesel,N3,>40000 kg,Euro 6,0.02,7.47,7.78,8.12,6.8,7.11,9.98,278.38,219.34,219.34,36.24,27.9,58.65,76.05,14.55,46.56,278.38,278.38,243.31,122.16,131.14,74.55,126.96,145.18,112.04,278.38,278.38,278.38,0.09,0.13,0.13,2.62,2.82,2.82,219.34,219.34,219.34,8.3,1.04,1.15,30.83,6.82,7.1,243.31,243.31,243.31,127.93,14.89,34.41,123.08,88.56,48.18,278.38,278.38,278.38,50.99,53.24,55.15,54.79,56.58,54.98,398.76,329.56,329.56
